Model,Accuracy,Precision,Recall,F1-Score,CV Mean,CV Std,Train Time
Random Forest,0.7892030848329049,0.7987822181665174,0.7892030848329049,0.7896400531853132,0.7718950316357225,0.0181965672855175,0.6130611896514893
Neural Network,0.781491002570694,0.7836361799594993,0.781491002570694,0.7819936877551968,0.7525858313452961,0.02892499357903778,2.0242016315460205
Gradient Boosting,0.7634961439588689,0.7732579003520991,0.7634961439588689,0.7654208928705416,0.7860740587076028,0.02043596217557161,10.781119346618652
KNN,0.7403598971722365,0.7490960514679643,0.7403598971722365,0.7355620737885347,0.7164899906648688,0.01420874709311685,0.0014808177947998047
SVM,0.7377892030848329,0.7467219229241926,0.7377892030848329,0.7388735311822495,0.7429270822528784,0.019287817673342582,0.0515139102935791
Logistic Regression,0.7352185089974294,0.7364838187488509,0.7352185089974294,0.7342138292601693,0.7216699512498704,0.01930879689158204,0.10193157196044922
Decision Tree,0.7043701799485861,0.7103062675329874,0.7043701799485861,0.7057023034310769,0.7016533554610518,0.02131534355844246,0.04971575736999512
Naive Bayes,0.5886889460154242,0.660185440593723,0.5886889460154242,0.5657205739504578,0.5805621823462296,0.022148438765380512,0.002434253692626953
