Method,Best CV Score,Test Score,Time (s)
Grid Search,0.7706109324758842,0.781491002570694,11.174885511398315
Random Search,0.7686837464993257,0.8020565552699229,7.292746305465698
